Time,Count,Quat W,Quat X,Quat Y,Quat Z,Accel X (g),Accel Y (g),Accel Z (g),Gyro X (dps),Gyro Y (dps),Gyro Z (dps),Yaw,Pitch,Roll,X,Y,Z,Grav X,Grav Y,Grav Z,Temp
0.09399999678134918,12.0,0.9998999834060669,0.003700000001117587,-0.0003000000142492354,0.0,-0.0017999999690800905,-0.002400000113993883,4.488900184631348,-0.061000000685453415,-0.061000000685453415,0.0,-0.0,0.0006000000284984708,0.007300000172108412,-0.0,0.0006000000284984708,-0.007300000172108412,0.0006000000284984708,0.007300000172108412,0.9998999834060669,30.377099990844727
0.12399999797344208,15.0,0.9998999834060669,0.0035000001080334187,-0.00039999998989515007,0.0,-0.00419999985024333,-0.00839999970048666,4.700799942016602,0.0,-0.061000000685453415,-0.061000000685453415,-0.0,0.000699999975040555,0.0071000000461936,-0.0,0.000699999975040555,-0.0071000000461936,0.000699999975040555,0.0071000000461936,0.9998999834060669,30.394699096679688
0.1340000033378601,16.0,0.9998999834060669,0.0035000001080334187,-0.0005000000237487257,0.0,-0.003599999938160181,-0.01080000028014183,4.8043999671936035,-0.061000000685453415,-0.061000000685453415,0.0,-0.0,0.0010000000474974513,0.007000000216066837,-0.0,0.0010000000474974513,-0.007000000216066837,0.0010000000474974513,0.007000000216066837,0.9998999834060669,30.3887996673584
0.1379999965429306,17.0,0.9998999834060669,0.0035000001080334187,-0.0005000000237487257,0.0,-0.003599999938160181,-0.01080000028014183,4.8043999671936035,-0.061000000685453415,-0.061000000685453415,0.0,-0.0,0.0010000000474974513,0.007000000216066837,-0.0,0.0010000000474974513,-0.007000000216066837,0.0010000000474974513,0.007000000216066837,0.9998999834060669,30.3887996673584
0.1459999978542328,18.0,0.9998999834060669,0.0035000001080334187,-0.0005000000237487257,0.0,-0.003599999938160181,-0.01080000028014183,4.8043999671936035,-0.061000000685453415,-0.061000000685453415,0.0,-0.0,0.0010000000474974513,0.007000000216066837,-0.0,0.0010000000474974513,-0.007000000216066837,0.0010000000474974513,0.007000000216066837,0.9998999834060669,30.3887996673584
0.15000000596046448,19.0,0.9998999834060669,0.0035000001080334187,-0.0005000000237487257,0.0,-0.003599999938160181,-0.01080000028014183,4.8043999671936035,-0.061000000685453415,-0.061000000685453415,0.0,-0.0,0.0010000000474974513,0.007000000216066837,-0.0,0.0010000000474974513,-0.007000000216066837,0.0010000000474974513,0.007000000216066837,0.9998999834060669,30.3887996673584
0.16200000047683716,20.0,0.9998999834060669,0.0034000000450760126,-0.0006000000284984708,0.0,-0.003000000026077032,-0.010200000368058681,4.861299991607666,-0.061000000685453415,-0.061000000685453415,0.0,-0.0,0.0012000000569969416,0.0066999997943639755,-0.0,0.0012000000569969416,-0.0066999997943639755,0.0012000000569969416,0.0066999997943639755,0.9998999834060669,30.38290023803711
0.16599999368190765,21.0,0.9998999834060669,0.0034000000450760126,-0.0006000000284984708,0.0,-0.003000000026077032,-0.010200000368058681,4.861299991607666,-0.061000000685453415,-0.061000000685453415,0.0,-0.0,0.0012000000569969416,0.0066999997943639755,-0.0,0.0012000000569969416,-0.0066999997943639755,0.0012000000569969416,0.0066999997943639755,0.9998999834060669,30.38290023803711
0.17599999904632568,22.0,0.9998999834060669,0.0034000000450760126,-0.0006000000284984708,0.0,-0.003000000026077032,-0.010200000368058681,4.861299991607666,-0.061000000685453415,-0.061000000685453415,0.0,-0.0,0.0012000000569969416,0.0066999997943639755,-0.0,0.0012000000569969416,-0.0066999997943639755,0.0012000000569969416,0.0066999997943639755,0.9998999834060669,30.38290023803711
0.1850000023841858,23.0,0.9998999834060669,0.0032999999821186066,-0.000699999975040555,0.0,0.0,-0.00419999985024333,4.892399787902832,-0.061000000685453415,-0.061000000685453415,0.0,-0.0,0.001500000013038516,0.006599999964237213,-0.0,0.001500000013038516,-0.006599999964237213,0.001500000013038516,0.006599999964237213,0.9998999834060669,30.371200561523438
0.1889999955892563,24.0,0.9998999834060669,0.0032999999821186066,-0.000699999975040555,0.0,0.0,-0.00419999985024333,4.892399787902832,-0.061000000685453415,-0.061000000685453415,0.0,-0.0,0.001500000013038516,0.006599999964237213,-0.0,0.001500000013038516,-0.006599999964237213,0.001500000013038516,0.006599999964237213,0.9998999834060669,30.371200561523438
0.20600000023841858,25.0,0.9998999834060669,0.0032999999821186066,-0.000699999975040555,0.0,0.0,-0.00419999985024333,4.892399787902832,-0.061000000685453415,-0.061000000685453415,0.0,-0.0,0.001500000013038516,0.006599999964237213,-0.0,0.001500000013038516,-0.006599999964237213,0.001500000013038516,0.006599999964237213,0.9998999834060669,30.371200561523438
0.21400000154972076,26.0,0.9998999834060669,0.0031999999191612005,-0.0007999999797903001,9.999999747378752e-05,0.0,-0.006000000052154064,4.904399871826172,-0.061000000685453415,-0.061000000685453415,0.0,-9.999999747378752e-05,0.0017000000225380063,0.006500000134110451,-9.999999747378752e-05,0.0017000000225380063,-0.006500000134110451,0.0017000000225380063,0.006500000134110451,0.9998999834060669,30.377099990844727
0.21699999272823334,27.0,0.9998999834060669,0.0031999999191612005,-0.0007999999797903001,9.999999747378752e-05,0.0,-0.006000000052154064,4.904399871826172,-0.061000000685453415,-0.061000000685453415,0.0,-9.999999747378752e-05,0.0017000000225380063,0.006500000134110451,-9.999999747378752e-05,0.0017000000225380063,-0.006500000134110451,0.0017000000225380063,0.006500000134110451,0.9998999834060669,30.377099990844727
0.22300000488758087,28.0,0.9998999834060669,0.0031999999191612005,-0.0007999999797903001,9.999999747378752e-05,0.0,-0.006000000052154064,4.904399871826172,-0.061000000685453415,-0.061000000685453415,0.0,-9.999999747378752e-05,0.0017000000225380063,0.006500000134110451,-9.999999747378752e-05,0.0017000000225380063,-0.006500000134110451,0.0017000000225380063,0.006500000134110451,0.9998999834060669,30.377099990844727
0.24199999868869781,29.0,0.9998999834060669,0.003100000089034438,-0.0010000000474974513,0.0,-0.0006000000284984708,-0.007199999876320362,4.893599987030029,-0.061000000685453415,-0.061000000685453415,0.0,-0.0,0.0020000000949949026,0.006200000178068876,-0.0,0.0020000000949949026,-0.006200000178068876,0.0020000000949949026,0.006200000178068876,0.9998999834060669,30.365299224853516
0.2460000067949295,30.0,0.9998999834060669,0.003100000089034438,-0.0010000000474974513,0.0,-0.0006000000284984708,-0.007199999876320362,4.893599987030029,-0.061000000685453415,-0.061000000685453415,0.0,-0.0,0.0020000000949949026,0.006200000178068876,-0.0,0.0020000000949949026,-0.006200000178068876,0.0020000000949949026,0.006200000178068876,0.9998999834060669,30.365299224853516
0.25600001215934753,31.0,0.9998999834060669,0.003100000089034438,-0.0010000000474974513,0.0,-0.0006000000284984708,-0.007199999876320362,4.893599987030029,-0.061000000685453415,-0.061000000685453415,0.0,-0.0,0.0020000000949949026,0.006200000178068876,-0.0,0.0020000000949949026,-0.006200000178068876,0.0020000000949949026,0.006200000178068876,0.9998999834060669,30.365299224853516
0.2639999985694885,32.0,0.9998999834060669,0.003000000026077032,-0.0010999999940395355,9.999999747378752e-05,0.0012000000569969416,-0.006599999964237213,4.892399787902832,0.0,-0.061000000685453415,0.0,-9.999999747378752e-05,0.002199999988079071,0.006099999882280827,-9.999999747378752e-05,0.002199999988079071,-0.006099999882280827,0.002199999988079071,0.006099999882280827,0.9998999834060669,30.365299224853516
0.2669999897480011,33.0,0.9998999834060669,0.003000000026077032,-0.0010999999940395355,9.999999747378752e-05,0.0012000000569969416,-0.006599999964237213,4.892399787902832,0.0,-0.061000000685453415,0.0,-9.999999747378752e-05,0.002199999988079071,0.006099999882280827,-9.999999747378752e-05,0.002199999988079071,-0.006099999882280827,0.002199999988079071,0.006099999882280827,0.9998999834060669,30.365299224853516
0.27399998903274536,34.0,0.9998999834060669,0.003000000026077032,-0.0010999999940395355,9.999999747378752e-05,0.0012000000569969416,-0.006599999964237213,4.892399787902832,0.0,-0.061000000685453415,0.0,-9.999999747378752e-05,0.002199999988079071,0.006099999882280827,-9.999999747378752e-05,0.002199999988079071,-0.006099999882280827,0.002199999988079071,0.006099999882280827,0.9998999834060669,30.365299224853516
0.2919999957084656,35.0,0.9998999834060669,0.003000000026077032,-0.0012000000569969416,9.999999747378752e-05,0.003599999938160181,-0.003000000026077032,4.907400131225586,-0.061000000685453415,-0.061000000685453415,-0.061000000685453415,-9.999999747378752e-05,0.002400000113993883,0.006000000052154064,-9.999999747378752e-05,0.002400000113993883,-0.006000000052154064,0.002400000113993883,0.006000000052154064,0.9998999834060669,30.371200561523438
0.29600000381469727,36.0,0.9998999834060669,0.003000000026077032,-0.0012000000569969416,9.999999747378752e-05,0.003599999938160181,-0.003000000026077032,4.907400131225586,-0.061000000685453415,-0.061000000685453415,-0.061000000685453415,-9.999999747378752e-05,0.002400000113993883,0.006000000052154064,-9.999999747378752e-05,0.002400000113993883,-0.006000000052154064,0.002400000113993883,0.006000000052154064,0.9998999834060669,30.371200561523438
0.3059999942779541,37.0,0.9998999834060669,0.003000000026077032,-0.0012000000569969416,9.999999747378752e-05,0.003599999938160181,-0.003000000026077032,4.907400131225586,-0.061000000685453415,-0.061000000685453415,-0.061000000685453415,-9.999999747378752e-05,0.002400000113993883,0.006000000052154064,-9.999999747378752e-05,0.002400000113993883,-0.006000000052154064,0.002400000113993883,0.006000000052154064,0.9998999834060669,30.371200561523438
0.3140000104904175,38.0,0.9998999834060669,0.002899999963119626,-0.0013000000035390258,9.999999747378752e-05,0.004800000227987766,-0.0017999999690800905,4.914000034332275,-0.061000000685453415,-0.061000000685453415,0.0,-9.999999747378752e-05,0.0027000000700354576,0.005900000222027302,-9.999999747378752e-05,0.0027000000700354576,-0.005900000222027302,0.0027000000700354576,0.005900000222027302,0.9998999834060669,30.359399795532227
0.3179999887943268,39.0,0.9998999834060669,0.002899999963119626,-0.0013000000035390258,9.999999747378752e-05,0.004800000227987766,-0.0017999999690800905,4.914000034332275,-0.061000000685453415,-0.061000000685453415,0.0,-9.999999747378752e-05,0.0027000000700354576,0.005900000222027302,-9.999999747378752e-05,0.0027000000700354576,-0.005900000222027302,0.0027000000700354576,0.005900000222027302,0.9998999834060669,30.359399795532227
0.32600000500679016,40.0,0.9998999834060669,0.002899999963119626,-0.0013000000035390258,9.999999747378752e-05,0.004800000227987766,-0.0017999999690800905,4.914000034332275,-0.061000000685453415,-0.061000000685453415,0.0,-9.999999747378752e-05,0.0027000000700354576,0.005900000222027302,-9.999999747378752e-05,0.0027000000700354576,-0.005900000222027302,0.0027000000700354576,0.005900000222027302,0.9998999834060669,30.359399795532227
0.33500000834465027,41.0,0.9998999834060669,0.002899999963119626,-0.00139999995008111,9.999999747378752e-05,0.00419999985024333,-0.006599999964237213,4.902599811553955,0.0,-0.061000000685453415,-0.061000000685453415,-9.999999747378752e-05,0.00279999990016222,0.00570000009611249,-9.999999747378752e-05,0.00279999990016222,-0.00570000009611249,0.00279999990016222,0.00570000009611249,0.9998999834060669,30.34760093688965
0.33799999952316284,42.0,0.9998999834060669,0.002899999963119626,-0.00139999995008111,9.999999747378752e-05,0.00419999985024333,-0.006599999964237213,4.902599811553955,0.0,-0.061000000685453415,-0.061000000685453415,-9.999999747378752e-05,0.00279999990016222,0.00570000009611249,-9.999999747378752e-05,0.00279999990016222,-0.00570000009611249,0.00279999990016222,0.00570000009611249,0.9998999834060669,30.34760093688965
0.34599998593330383,43.0,0.9998999834060669,0.002899999963119626,-0.00139999995008111,9.999999747378752e-05,0.00419999985024333,-0.006599999964237213,4.902599811553955,0.0,-0.061000000685453415,-0.061000000685453415,-9.999999747378752e-05,0.00279999990016222,0.00570000009611249,-9.999999747378752e-05,0.00279999990016222,-0.00570000009611249,0.00279999990016222,0.00570000009611249,0.9998999834060669,30.34760093688965
0.3499999940395355,44.0,0.9998999834060669,0.002899999963119626,-0.00139999995008111,9.999999747378752e-05,0.00419999985024333,-0.006599999964237213,4.902599811553955,0.0,-0.061000000685453415,-0.061000000685453415,-9.999999747378752e-05,0.00279999990016222,0.00570000009611249,-9.999999747378752e-05,0.00279999990016222,-0.00570000009611249,0.00279999990016222,0.00570000009611249,0.9998999834060669,30.34760093688965
0.3720000088214874,45.0,0.9998999834060669,0.00279999990016222,-0.001500000013038516,9.999999747378752e-05,0.003599999938160181,-0.00839999970048666,4.893599987030029,0.0,-0.061000000685453415,0.0,-9.999999747378752e-05,0.003000000026077032,0.00559999980032444,-9.999999747378752e-05,0.003000000026077032,-0.00559999980032444,0.003000000026077032,0.00559999980032444,0.9998999834060669,30.353500366210938
0.37599998712539673,46.0,0.9998999834060669,0.00279999990016222,-0.001500000013038516,9.999999747378752e-05,0.003599999938160181,-0.00839999970048666,4.893599987030029,0.0,-0.061000000685453415,0.0,-9.999999747378752e-05,0.003000000026077032,0.00559999980032444,-9.999999747378752e-05,0.003000000026077032,-0.00559999980032444,0.003000000026077032,0.00559999980032444,0.9998999834060669,30.353500366210938
0.3919999897480011,47.0,0.9998999834060669,0.00279999990016222,-0.0015999999595806003,9.999999747378752e-05,-0.003599999938160181,-0.005400000140070915,4.901400089263916,-0.061000000685453415,-0.061000000685453415,-0.061000000685453415,-9.999999747378752e-05,0.0031999999191612005,0.005499999970197678,-9.999999747378752e-05,0.0031999999191612005,-0.005499999970197678,0.0031999999191612005,0.005499999970197678,0.9998999834060669,30.353500366210938
0.3959999978542328,48.0,0.9998999834060669,0.00279999990016222,-0.0015999999595806003,9.999999747378752e-05,-0.003599999938160181,-0.005400000140070915,4.901400089263916,-0.061000000685453415,-0.061000000685453415,-0.061000000685453415,-9.999999747378752e-05,0.0031999999191612005,0.005499999970197678,-9.999999747378752e-05,0.0031999999191612005,-0.005499999970197678,0.0031999999191612005,0.005499999970197678,0.9998999834060669,30.353500366210938
0.4090000092983246,49.0,0.9998999834060669,0.0027000000700354576,-0.0017000000225380063,9.999999747378752e-05,-0.0017999999690800905,-0.003000000026077032,4.910399913787842,-0.061000000685453415,-0.061000000685453415,0.0,-9.999999747378752e-05,0.0034000000450760126,0.005400000140070915,-9.999999747378752e-05,0.0034000000450760126,-0.005400000140070915,0.0034000000450760126,0.005400000140070915,0.9998999834060669,30.335899353027344
0.4129999876022339,50.0,0.9998999834060669,0.0027000000700354576,-0.0017000000225380063,9.999999747378752e-05,-0.0017999999690800905,-0.003000000026077032,4.910399913787842,-0.061000000685453415,-0.061000000685453415,0.0,-9.999999747378752e-05,0.0034000000450760126,0.005400000140070915,-9.999999747378752e-05,0.0034000000450760126,-0.005400000140070915,0.0034000000450760126,0.005400000140070915,0.9998999834060669,30.335899353027344
0.4259999990463257,51.0,0.9998999834060669,0.0027000000700354576,-0.0017000000225380063,9.999999747378752e-05,-0.0017999999690800905,-0.003000000026077032,4.910399913787842,-0.061000000685453415,-0.061000000685453415,0.0,-9.999999747378752e-05,0.0034000000450760126,0.005400000140070915,-9.999999747378752e-05,0.0034000000450760126,-0.005400000140070915,0.0034000000450760126,0.005400000140070915,0.9998999834060669,30.335899353027344
0.4350000023841858,52.0,0.9998999834060669,0.0026000000070780516,-0.0017999999690800905,9.999999747378752e-05,-0.0012000000569969416,0.00419999985024333,4.906199932098389,-0.061000000685453415,-0.061000000685453415,0.0,-9.999999747378752e-05,0.003700000001117587,0.005200000014156103,-9.999999747378752e-05,0.003700000001117587,-0.005200000014156103,0.003700000001117587,0.005200000014156103,0.9998999834060669,30.335899353027344
0.4390000104904175,53.0,0.9998999834060669,0.0026000000070780516,-0.0017999999690800905,9.999999747378752e-05,-0.0012000000569969416,0.00419999985024333,4.906199932098389,-0.061000000685453415,-0.061000000685453415,0.0,-9.999999747378752e-05,0.003700000001117587,0.005200000014156103,-9.999999747378752e-05,0.003700000001117587,-0.005200000014156103,0.003700000001117587,0.005200000014156103,0.9998999834060669,30.335899353027344
0.4560000002384186,54.0,0.9998999834060669,0.0026000000070780516,-0.0017999999690800905,9.999999747378752e-05,-0.0012000000569969416,0.00419999985024333,4.906199932098389,-0.061000000685453415,-0.061000000685453415,0.0,-9.999999747378752e-05,0.003700000001117587,0.005200000014156103,-9.999999747378752e-05,0.003700000001117587,-0.005200000014156103,0.003700000001117587,0.005200000014156103,0.9998999834060669,30.335899353027344
0.46399998664855957,55.0,0.9998999834060669,0.0026000000070780516,-0.0019000000320374966,9.999999747378752e-05,-0.0006000000284984708,0.003599999938160181,4.894800186157227,0.0,-0.061000000685453415,0.0,-9.999999747378752e-05,0.003800000064074993,0.005200000014156103,-9.999999747378752e-05,0.003800000064074993,-0.005200000014156103,0.003800000064074993,0.005200000014156103,0.9998999834060669,30.324100494384766
0.46799999475479126,56.0,0.9998999834060669,0.0026000000070780516,-0.0019000000320374966,9.999999747378752e-05,-0.0006000000284984708,0.003599999938160181,4.894800186157227,0.0,-0.061000000685453415,0.0,-9.999999747378752e-05,0.003800000064074993,0.005200000014156103,-9.999999747378752e-05,0.003800000064074993,-0.005200000014156103,0.003800000064074993,0.005200000014156103,0.9998999834060669,30.324100494384766
0.48500001430511475,57.0,0.9998999834060669,0.0026000000070780516,-0.0020000000949949026,9.999999747378752e-05,-0.005400000140070915,0.0,4.895400047302246,0.0,-0.061000000685453415,0.0,-9.999999747378752e-05,0.0038999998942017555,0.005100000184029341,-9.999999747378752e-05,0.0038999998942017555,-0.005100000184029341,0.0038999998942017555,0.005100000184029341,0.9998999834060669,30.371200561523438
0.48899999260902405,58.0,0.9998999834060669,0.0026000000070780516,-0.0020000000949949026,9.999999747378752e-05,-0.005400000140070915,0.0,4.895400047302246,0.0,-0.061000000685453415,0.0,-9.999999747378752e-05,0.0038999998942017555,0.005100000184029341,-9.999999747378752e-05,0.0038999998942017555,-0.005100000184029341,0.0038999998942017555,0.005100000184029341,0.9998999834060669,30.371200561523438
0.5059999823570251,59.0,0.9998999834060669,0.0026000000070780516,-0.0020000000949949026,9.999999747378752e-05,-0.005400000140070915,0.0,4.895400047302246,0.0,-0.061000000685453415,0.0,-9.999999747378752e-05,0.0038999998942017555,0.005100000184029341,-9.999999747378752e-05,0.0038999998942017555,-0.005100000184029341,0.0038999998942017555,0.005100000184029341,0.9998999834060669,30.371200561523438
0.5149999856948853,60.0,0.9998999834060669,0.0024999999441206455,-0.002099999925121665,9.999999747378752e-05,-0.003599999938160181,0.0006000000284984708,4.899600028991699,-0.061000000685453415,-0.061000000685453415,0.0,-9.999999747378752e-05,0.00419999985024333,0.004999999888241291,-9.999999747378752e-05,0.00419999985024333,-0.004999999888241291,0.00419999985024333,0.004999999888241291,0.9998999834060669,30.341800689697266
0.5189999938011169,61.0,0.9998999834060669,0.0024999999441206455,-0.002099999925121665,9.999999747378752e-05,-0.003599999938160181,0.0006000000284984708,4.899600028991699,-0.061000000685453415,-0.061000000685453415,0.0,-9.999999747378752e-05,0.00419999985024333,0.004999999888241291,-9.999999747378752e-05,0.00419999985024333,-0.004999999888241291,0.00419999985024333,0.004999999888241291,0.9998999834060669,30.341800689697266
0.5360000133514404,62.0,0.9998999834060669,0.0024999999441206455,-0.002099999925121665,9.999999747378752e-05,-0.003599999938160181,0.0006000000284984708,4.899600028991699,-0.061000000685453415,-0.061000000685453415,0.0,-9.999999747378752e-05,0.00419999985024333,0.004999999888241291,-9.999999747378752e-05,0.00419999985024333,-0.004999999888241291,0.00419999985024333,0.004999999888241291,0.9998999834060669,30.341800689697266
0.5450000166893005,63.0,0.9998999834060669,0.002400000113993883,-0.002099999925121665,9.999999747378752e-05,0.0006000000284984708,0.0,4.90500020980835,-0.061000000685453415,-0.061000000685453415,0.0,-0.00019999999494757503,0.00430000014603138,0.004900000058114529,-0.00019999999494757503,0.00430000014603138,-0.004900000058114529,0.00430000014603138,0.004900000058114529,0.9998999834060669,30.324100494384766
0.5490000247955322,64.0,0.9998999834060669,0.002400000113993883,-0.002099999925121665,9.999999747378752e-05,0.0006000000284984708,0.0,4.90500020980835,-0.061000000685453415,-0.061000000685453415,0.0,-0.00019999999494757503,0.00430000014603138,0.004900000058114529,-0.00019999999494757503,0.00430000014603138,-0.004900000058114529,0.00430000014603138,0.004900000058114529,0.9998999834060669,30.324100494384766
0.5600000023841858,65.0,0.9998999834060669,0.002400000113993883,-0.002300000051036477,9.999999747378752e-05,0.002400000113993883,-0.00419999985024333,4.906199932098389,0.0,-0.061000000685453415,0.0,-9.999999747378752e-05,0.0044999998062849045,0.004800000227987766,-9.999999747378752e-05,0.0044999998062849045,-0.004800000227987766,0.0044999998062849045,0.004800000227987766,0.9998999834060669,30.329999923706055
0.5630000233650208,66.0,0.9998999834060669,0.002400000113993883,-0.002300000051036477,9.999999747378752e-05,0.002400000113993883,-0.00419999985024333,4.906199932098389,0.0,-0.061000000685453415,0.0,-9.999999747378752e-05,0.0044999998062849045,0.004800000227987766,-9.999999747378752e-05,0.0044999998062849045,-0.004800000227987766,0.0044999998062849045,0.004800000227987766,0.9998999834060669,30.329999923706055
0.5690000057220459,67.0,0.9998999834060669,0.002400000113993883,-0.002300000051036477,9.999999747378752e-05,0.002400000113993883,-0.00419999985024333,4.906199932098389,0.0,-0.061000000685453415,0.0,-9.999999747378752e-05,0.0044999998062849045,0.004800000227987766,-9.999999747378752e-05,0.0044999998062849045,-0.004800000227987766,0.0044999998062849045,0.004800000227987766,0.9998999834060669,30.329999923706055
0.5730000138282776,68.0,0.9998999834060669,0.002400000113993883,-0.002300000051036477,9.999999747378752e-05,0.002400000113993883,-0.00419999985024333,4.906199932098389,0.0,-0.061000000685453415,0.0,-9.999999747378752e-05,0.0044999998062849045,0.004800000227987766,-9.999999747378752e-05,0.0044999998062849045,-0.004800000227987766,0.0044999998062849045,0.004800000227987766,0.9998999834060669,30.329999923706055
0.5770000219345093,69.0,0.9998999834060669,0.002400000113993883,-0.002300000051036477,9.999999747378752e-05,0.002400000113993883,-0.00419999985024333,4.906199932098389,0.0,-0.061000000685453415,0.0,-9.999999747378752e-05,0.0044999998062849045,0.004800000227987766,-9.999999747378752e-05,0.0044999998062849045,-0.004800000227987766,0.0044999998062849045,0.004800000227987766,0.9998999834060669,30.329999923706055
0.5870000123977661,70.0,0.9998999834060669,0.002300000051036477,-0.002300000051036477,9.999999747378752e-05,-0.0012000000569969416,-0.005400000140070915,4.897200107574463,0.0,-0.061000000685453415,0.0,-9.999999747378752e-05,0.004600000102072954,0.004600000102072954,-9.999999747378752e-05,0.004600000102072954,-0.004600000102072954,0.004600000102072954,0.004600000102072954,0.9998999834060669,30.329999923706055
0.5910000205039978,71.0,0.9998999834060669,0.002300000051036477,-0.002300000051036477,9.999999747378752e-05,-0.0012000000569969416,-0.005400000140070915,4.897200107574463,0.0,-0.061000000685453415,0.0,-9.999999747378752e-05,0.004600000102072954,0.004600000102072954,-9.999999747378752e-05,0.004600000102072954,-0.004600000102072954,0.004600000102072954,0.004600000102072954,0.9998999834060669,30.329999923706055
0.6060000061988831,72.0,0.9998999834060669,0.002300000051036477,-0.002300000051036477,9.999999747378752e-05,-0.0012000000569969416,-0.005400000140070915,4.897200107574463,0.0,-0.061000000685453415,0.0,-9.999999747378752e-05,0.004600000102072954,0.004600000102072954,-9.999999747378752e-05,0.004600000102072954,-0.004600000102072954,0.004600000102072954,0.004600000102072954,0.9998999834060669,30.329999923706055
0.6140000224113464,73.0,0.9998999834060669,0.002300000051036477,-0.002400000113993883,9.999999747378752e-05,-0.002400000113993883,-0.005400000140070915,4.9008002281188965,0.0,-0.061000000685453415,0.0,-9.999999747378752e-05,0.004800000227987766,0.004600000102072954,-9.999999747378752e-05,0.004800000227987766,-0.004600000102072954,0.004800000227987766,0.004600000102072954,0.9998999834060669,30.335899353027344
0.6179999709129333,74.0,0.9998999834060669,0.002300000051036477,-0.002400000113993883,9.999999747378752e-05,-0.002400000113993883,-0.005400000140070915,4.9008002281188965,0.0,-0.061000000685453415,0.0,-9.999999747378752e-05,0.004800000227987766,0.004600000102072954,-9.999999747378752e-05,0.004800000227987766,-0.004600000102072954,0.004800000227987766,0.004600000102072954,0.9998999834060669,30.335899353027344
0.6259999871253967,75.0,0.9998999834060669,0.002300000051036477,-0.002400000113993883,9.999999747378752e-05,-0.002400000113993883,-0.005400000140070915,4.9008002281188965,0.0,-0.061000000685453415,0.0,-9.999999747378752e-05,0.004800000227987766,0.004600000102072954,-9.999999747378752e-05,0.004800000227987766,-0.004600000102072954,0.004800000227987766,0.004600000102072954,0.9998999834060669,30.335899353027344
0.6340000033378601,76.0,0.9998999834060669,0.002300000051036477,-0.0024999999441206455,9.999999747378752e-05,-0.0006000000284984708,-0.003000000026077032,4.910399913787842,-0.061000000685453415,-0.061000000685453415,0.0,-0.0003000000142492354,0.004999999888241291,0.0044999998062849045,-0.0003000000142492354,0.004999999888241291,-0.0044999998062849045,0.004999999888241291,0.0044999998062849045,0.9998999834060669,30.329999923706055
0.6380000114440918,77.0,0.9998999834060669,0.002300000051036477,-0.0024999999441206455,9.999999747378752e-05,-0.0006000000284984708,-0.003000000026077032,4.910399913787842,-0.061000000685453415,-0.061000000685453415,0.0,-0.0003000000142492354,0.004999999888241291,0.0044999998062849045,-0.0003000000142492354,0.004999999888241291,-0.0044999998062849045,0.004999999888241291,0.0044999998062849045,0.9998999834060669,30.329999923706055
0.6460000276565552,78.0,0.9998999834060669,0.002300000051036477,-0.0024999999441206455,9.999999747378752e-05,-0.0006000000284984708,-0.003000000026077032,4.910399913787842,-0.061000000685453415,-0.061000000685453415,0.0,-0.0003000000142492354,0.004999999888241291,0.0044999998062849045,-0.0003000000142492354,0.004999999888241291,-0.0044999998062849045,0.004999999888241291,0.0044999998062849045,0.9998999834060669,30.329999923706055
0.6499999761581421,79.0,0.9998999834060669,0.002300000051036477,-0.0024999999441206455,9.999999747378752e-05,-0.0006000000284984708,-0.003000000026077032,4.910399913787842,-0.061000000685453415,-0.061000000685453415,0.0,-0.0003000000142492354,0.004999999888241291,0.0044999998062849045,-0.0003000000142492354,0.004999999888241291,-0.0044999998062849045,0.004999999888241291,0.0044999998062849045,0.9998999834060669,30.329999923706055
0.6539999842643738,80.0,0.9998999834060669,0.002300000051036477,-0.0024999999441206455,9.999999747378752e-05,-0.0006000000284984708,-0.003000000026077032,4.910399913787842,-0.061000000685453415,-0.061000000685453415,0.0,-0.0003000000142492354,0.004999999888241291,0.0044999998062849045,-0.0003000000142492354,0.004999999888241291,-0.0044999998062849045,0.004999999888241291,0.0044999998062849045,0.9998999834060669,30.329999923706055
0.6639999747276306,81.0,0.9998999834060669,0.002199999988079071,-0.0026000000070780516,9.999999747378752e-05,0.0006000000284984708,-0.0012000000569969416,4.914599895477295,-0.061000000685453415,-0.061000000685453415,-0.061000000685453415,-0.0003000000142492354,0.005100000184029341,0.004399999976158142,-0.0003000000142492354,0.005100000184029341,-0.004399999976158142,0.005100000184029341,0.004399999976158142,0.9998999834060669,30.341800689697266
0.6679999828338623,82.0,0.9998999834060669,0.002199999988079071,-0.0026000000070780516,9.999999747378752e-05,0.0006000000284984708,-0.0012000000569969416,4.914599895477295,-0.061000000685453415,-0.061000000685453415,-0.061000000685453415,-0.0003000000142492354,0.005100000184029341,0.004399999976158142,-0.0003000000142492354,0.005100000184029341,-0.004399999976158142,0.005100000184029341,0.004399999976158142,0.9998999834060669,30.341800689697266
0.6759999990463257,83.0,0.9998999834060669,0.002199999988079071,-0.0026000000070780516,9.999999747378752e-05,0.0006000000284984708,-0.0012000000569969416,4.914599895477295,-0.061000000685453415,-0.061000000685453415,-0.061000000685453415,-0.0003000000142492354,0.005100000184029341,0.004399999976158142,-0.0003000000142492354,0.005100000184029341,-0.004399999976158142,0.005100000184029341,0.004399999976158142,0.9998999834060669,30.341800689697266
0.6850000023841858,84.0,0.9998999834060669,0.002099999925121665,-0.0026000000070780516,9.999999747378752e-05,0.0012000000569969416,-0.003599999938160181,4.910999774932861,0.0,-0.061000000685453415,0.0,-9.999999747378752e-05,0.005200000014156103,0.00430000014603138,-9.999999747378752e-05,0.005200000014156103,-0.00430000014603138,0.005200000014156103,0.00430000014603138,0.9998999834060669,30.324100494384766
0.6890000104904175,85.0,0.9998999834060669,0.002099999925121665,-0.0026000000070780516,9.999999747378752e-05,0.0012000000569969416,-0.003599999938160181,4.910999774932861,0.0,-0.061000000685453415,0.0,-9.999999747378752e-05,0.005200000014156103,0.00430000014603138,-9.999999747378752e-05,0.005200000014156103,-0.00430000014603138,0.005200000014156103,0.00430000014603138,0.9998999834060669,30.324100494384766
0.7059999704360962,86.0,0.9998999834060669,0.002099999925121665,-0.0026000000070780516,9.999999747378752e-05,0.0012000000569969416,-0.003599999938160181,4.910999774932861,0.0,-0.061000000685453415,0.0,-9.999999747378752e-05,0.005200000014156103,0.00430000014603138,-9.999999747378752e-05,0.005200000014156103,-0.00430000014603138,0.005200000014156103,0.00430000014603138,0.9998999834060669,30.324100494384766
0.7149999737739563,87.0,0.9998999834060669,0.002099999925121665,-0.0027000000700354576,9.999999747378752e-05,-0.0017999999690800905,-0.00419999985024333,4.903800010681152,0.0,-0.061000000685453415,0.0,-0.0003000000142492354,0.005400000140070915,0.00419999985024333,-0.0003000000142492354,0.005400000140070915,-0.00419999985024333,0.005400000140070915,0.00419999985024333,0.9998999834060669,30.318199157714844
0.718999981880188,88.0,0.9998999834060669,0.002099999925121665,-0.0027000000700354576,9.999999747378752e-05,-0.0017999999690800905,-0.00419999985024333,4.903800010681152,0.0,-0.061000000685453415,0.0,-0.0003000000142492354,0.005400000140070915,0.00419999985024333,-0.0003000000142492354,0.005400000140070915,-0.00419999985024333,0.005400000140070915,0.00419999985024333,0.9998999834060669,30.318199157714844
0.7260000109672546,89.0,0.9998999834060669,0.002099999925121665,-0.0027000000700354576,9.999999747378752e-05,-0.0017999999690800905,-0.00419999985024333,4.903800010681152,0.0,-0.061000000685453415,0.0,-0.0003000000142492354,0.005400000140070915,0.00419999985024333,-0.0003000000142492354,0.005400000140070915,-0.00419999985024333,0.005400000140070915,0.00419999985024333,0.9998999834060669,30.318199157714844
0.734000027179718,90.0,0.9998999834060669,0.002099999925121665,-0.00279999990016222,9.999999747378752e-05,-0.003599999938160181,-0.007199999876320362,4.906799793243408,-0.061000000685453415,-0.061000000685453415,0.0,-0.0003000000142492354,0.005499999970197678,0.00419999985024333,-0.0003000000142492354,0.005499999970197678,-0.00419999985024333,0.005499999970197678,0.00419999985024333,0.9998999834060669,30.318199157714844
0.7379999756813049,91.0,0.9998999834060669,0.002099999925121665,-0.00279999990016222,9.999999747378752e-05,-0.003599999938160181,-0.007199999876320362,4.906799793243408,-0.061000000685453415,-0.061000000685453415,0.0,-0.0003000000142492354,0.005499999970197678,0.00419999985024333,-0.0003000000142492354,0.005499999970197678,-0.00419999985024333,0.005499999970197678,0.00419999985024333,0.9998999834060669,30.318199157714844
0.7459999918937683,92.0,0.9998999834060669,0.002099999925121665,-0.00279999990016222,9.999999747378752e-05,-0.003599999938160181,-0.007199999876320362,4.906799793243408,-0.061000000685453415,-0.061000000685453415,0.0,-0.0003000000142492354,0.005499999970197678,0.00419999985024333,-0.0003000000142492354,0.005499999970197678,-0.00419999985024333,0.005499999970197678,0.00419999985024333,0.9998999834060669,30.318199157714844
0.75,93.0,0.9998999834060669,0.002099999925121665,-0.00279999990016222,9.999999747378752e-05,-0.003599999938160181,-0.007199999876320362,4.906799793243408,-0.061000000685453415,-0.061000000685453415,0.0,-0.0003000000142492354,0.005499999970197678,0.00419999985024333,-0.0003000000142492354,0.005499999970197678,-0.00419999985024333,0.005499999970197678,0.00419999985024333,0.9998999834060669,30.318199157714844
0.7540000081062317,94.0,0.9998999834060669,0.002099999925121665,-0.00279999990016222,9.999999747378752e-05,-0.003599999938160181,-0.007199999876320362,4.906799793243408,-0.061000000685453415,-0.061000000685453415,0.0,-0.0003000000142492354,0.005499999970197678,0.00419999985024333,-0.0003000000142492354,0.005499999970197678,-0.00419999985024333,0.005499999970197678,0.00419999985024333,0.9998999834060669,30.318199157714844
0.7639999985694885,95.0,0.9998999834060669,0.0020000000949949026,-0.002899999963119626,9.999999747378752e-05,-0.00419999985024333,-0.00419999985024333,4.915800094604492,-0.061000000685453415,-0.061000000685453415,0.0,-0.0003000000142492354,0.00570000009611249,0.004000000189989805,-0.0003000000142492354,0.00570000009611249,-0.004000000189989805,0.00570000009611249,0.004000000189989805,0.9998999834060669,30.324100494384766
0.7680000066757202,96.0,0.9998999834060669,0.0020000000949949026,-0.002899999963119626,9.999999747378752e-05,-0.00419999985024333,-0.00419999985024333,4.915800094604492,-0.061000000685453415,-0.061000000685453415,0.0,-0.0003000000142492354,0.00570000009611249,0.004000000189989805,-0.0003000000142492354,0.00570000009611249,-0.004000000189989805,0.00570000009611249,0.004000000189989805,0.9998999834060669,30.324100494384766
0.7739999890327454,97.0,0.9998999834060669,0.0020000000949949026,-0.002899999963119626,9.999999747378752e-05,-0.00419999985024333,-0.00419999985024333,4.915800094604492,-0.061000000685453415,-0.061000000685453415,0.0,-0.0003000000142492354,0.00570000009611249,0.004000000189989805,-0.0003000000142492354,0.00570000009611249,-0.004000000189989805,0.00570000009611249,0.004000000189989805,0.9998999834060669,30.324100494384766
0.777999997138977,98.0,0.9998999834060669,0.0020000000949949026,-0.002899999963119626,9.999999747378752e-05,-0.00419999985024333,-0.00419999985024333,4.915800094604492,-0.061000000685453415,-0.061000000685453415,0.0,-0.0003000000142492354,0.00570000009611249,0.004000000189989805,-0.0003000000142492354,0.00570000009611249,-0.004000000189989805,0.00570000009611249,0.004000000189989805,0.9998999834060669,30.324100494384766
0.7879999876022339,99.0,0.9998999834060669,0.0020000000949949026,-0.002899999963119626,9.999999747378752e-05,0.0,-0.003000000026077032,4.906199932098389,0.0,-0.061000000685453415,0.0,-0.0003000000142492354,0.005900000222027302,0.0038999998942017555,-0.0003000000142492354,0.005900000222027302,-0.0038999998942017555,0.005900000222027302,0.0038999998942017555,0.9998999834060669,30.306499481201172
0.7919999957084656,100.0,0.9998999834060669,0.0020000000949949026,-0.002899999963119626,9.999999747378752e-05,0.0,-0.003000000026077032,4.906199932098389,0.0,-0.061000000685453415,0.0,-0.0003000000142492354,0.005900000222027302,0.0038999998942017555,-0.0003000000142492354,0.005900000222027302,-0.0038999998942017555,0.005900000222027302,0.0038999998942017555,0.9998999834060669,30.306499481201172
0.796999990940094,101.0,0.9998999834060669,0.0020000000949949026,-0.002899999963119626,9.999999747378752e-05,0.0,-0.003000000026077032,4.906199932098389,0.0,-0.061000000685453415,0.0,-0.0003000000142492354,0.005900000222027302,0.0038999998942017555,-0.0003000000142492354,0.005900000222027302,-0.0038999998942017555,0.005900000222027302,0.0038999998942017555,0.9998999834060669,30.306499481201172
0.8029999732971191,102.0,0.9998999834060669,0.0020000000949949026,-0.002899999963119626,9.999999747378752e-05,0.0,-0.003000000026077032,4.906199932098389,0.0,-0.061000000685453415,0.0,-0.0003000000142492354,0.005900000222027302,0.0038999998942017555,-0.0003000000142492354,0.005900000222027302,-0.0038999998942017555,0.005900000222027302,0.0038999998942017555,0.9998999834060669,30.306499481201172
0.8119999766349792,103.0,0.9998999834060669,0.0019000000320374966,-0.003000000026077032,9.999999747378752e-05,-0.0012000000569969416,-0.00419999985024333,4.903200149536133,0.0,-0.061000000685453415,-0.061000000685453415,-0.0003000000142492354,0.006000000052154064,0.003800000064074993,-0.0003000000142492354,0.006000000052154064,-0.003800000064074993,0.006000000052154064,0.003800000064074993,0.9998999834060669,30.312400817871094
0.8140000104904175,104.0,0.9998999834060669,0.0019000000320374966,-0.003000000026077032,9.999999747378752e-05,-0.0012000000569969416,-0.00419999985024333,4.903200149536133,0.0,-0.061000000685453415,-0.061000000685453415,-0.0003000000142492354,0.006000000052154064,0.003800000064074993,-0.0003000000142492354,0.006000000052154064,-0.003800000064074993,0.006000000052154064,0.003800000064074993,0.9998999834060669,30.312400817871094
0.8199999928474426,105.0,0.9998999834060669,0.0019000000320374966,-0.003000000026077032,9.999999747378752e-05,-0.0012000000569969416,-0.00419999985024333,4.903200149536133,0.0,-0.061000000685453415,-0.061000000685453415,-0.0003000000142492354,0.006000000052154064,0.003800000064074993,-0.0003000000142492354,0.006000000052154064,-0.003800000064074993,0.006000000052154064,0.003800000064074993,0.9998999834060669,30.312400817871094
0.8259999752044678,106.0,0.9998999834060669,0.0019000000320374966,-0.003000000026077032,9.999999747378752e-05,-0.0012000000569969416,-0.00419999985024333,4.903200149536133,0.0,-0.061000000685453415,-0.061000000685453415,-0.0003000000142492354,0.006000000052154064,0.003800000064074993,-0.0003000000142492354,0.006000000052154064,-0.003800000064074993,0.006000000052154064,0.003800000064074993,0.9998999834060669,30.312400817871094
0.8339999914169312,107.0,0.9998999834060669,0.0019000000320374966,-0.003000000026077032,9.999999747378752e-05,-0.006000000052154064,-0.007199999876320362,4.896599769592285,-0.061000000685453415,-0.061000000685453415,0.0,-0.0003000000142492354,0.006099999882280827,0.003800000064074993,-0.0003000000142492354,0.006099999882280827,-0.003800000064074993,0.006099999882280827,0.003800000064074993,0.9998999834060669,30.294700622558594
0.8379999995231628,108.0,0.9998999834060669,0.0019000000320374966,-0.003000000026077032,9.999999747378752e-05,-0.006000000052154064,-0.007199999876320362,4.896599769592285,-0.061000000685453415,-0.061000000685453415,0.0,-0.0003000000142492354,0.006099999882280827,0.003800000064074993,-0.0003000000142492354,0.006099999882280827,-0.003800000064074993,0.006099999882280827,0.003800000064074993,0.9998999834060669,30.294700622558594
0.8460000157356262,109.0,0.9998999834060669,0.0019000000320374966,-0.003000000026077032,9.999999747378752e-05,-0.006000000052154064,-0.007199999876320362,4.896599769592285,-0.061000000685453415,-0.061000000685453415,0.0,-0.0003000000142492354,0.006099999882280827,0.003800000064074993,-0.0003000000142492354,0.006099999882280827,-0.003800000064074993,0.006099999882280827,0.003800000064074993,0.9998999834060669,30.294700622558594
0.8500000238418579,110.0,0.9998999834060669,0.0019000000320374966,-0.003000000026077032,9.999999747378752e-05,-0.006000000052154064,-0.007199999876320362,4.896599769592285,-0.061000000685453415,-0.061000000685453415,0.0,-0.0003000000142492354,0.006099999882280827,0.003800000064074993,-0.0003000000142492354,0.006099999882280827,-0.003800000064074993,0.006099999882280827,0.003800000064074993,0.9998999834060669,30.294700622558594
0.8539999723434448,111.0,0.9998999834060669,0.0019000000320374966,-0.003000000026077032,9.999999747378752e-05,-0.006000000052154064,-0.007199999876320362,4.896599769592285,-0.061000000685453415,-0.061000000685453415,0.0,-0.0003000000142492354,0.006099999882280827,0.003800000064074993,-0.0003000000142492354,0.006099999882280827,-0.003800000064074993,0.006099999882280827,0.003800000064074993,0.9998999834060669,30.294700622558594
0.8640000224113464,112.0,0.9998999834060669,0.0017999999690800905,-0.003100000089034438,9.999999747378752e-05,-0.00419999985024333,-0.00839999970048666,4.901400089263916,-0.061000000685453415,-0.061000000685453415,0.0,-0.0003000000142492354,0.006200000178068876,0.003700000001117587,-0.0003000000142492354,0.006200000178068876,-0.003700000001117587,0.006200000178068876,0.003700000001117587,0.9998999834060669,30.277099609375
0.8669999837875366,113.0,0.9998999834060669,0.0017999999690800905,-0.003100000089034438,9.999999747378752e-05,-0.00419999985024333,-0.00839999970048666,4.901400089263916,-0.061000000685453415,-0.061000000685453415,0.0,-0.0003000000142492354,0.006200000178068876,0.003700000001117587,-0.0003000000142492354,0.006200000178068876,-0.003700000001117587,0.006200000178068876,0.003700000001117587,0.9998999834060669,30.277099609375
0.8759999871253967,114.0,0.9998999834060669,0.0017999999690800905,-0.003100000089034438,9.999999747378752e-05,-0.00419999985024333,-0.00839999970048666,4.901400089263916,-0.061000000685453415,-0.061000000685453415,0.0,-0.0003000000142492354,0.006200000178068876,0.003700000001117587,-0.0003000000142492354,0.006200000178068876,-0.003700000001117587,0.006200000178068876,0.003700000001117587,0.9998999834060669,30.277099609375
0.8849999904632568,115.0,0.9998999834060669,0.0017999999690800905,-0.0031999999191612005,9.999999747378752e-05,-0.003000000026077032,-0.008999999612569809,4.910399913787842,-0.061000000685453415,-0.061000000685453415,0.0,-0.0003000000142492354,0.006399999838322401,0.0035000001080334187,-0.0003000000142492354,0.006399999838322401,-0.0035000001080334187,0.006399999838322401,0.0035000001080334187,0.9998999834060669,30.306499481201172
0.8889999985694885,116.0,0.9998999834060669,0.0017999999690800905,-0.0031999999191612005,9.999999747378752e-05,-0.003000000026077032,-0.008999999612569809,4.910399913787842,-0.061000000685453415,-0.061000000685453415,0.0,-0.0003000000142492354,0.006399999838322401,0.0035000001080334187,-0.0003000000142492354,0.006399999838322401,-0.0035000001080334187,0.006399999838322401,0.0035000001080334187,0.9998999834060669,30.306499481201172
0.8960000276565552,117.0,0.9998999834060669,0.0017999999690800905,-0.0031999999191612005,9.999999747378752e-05,-0.003000000026077032,-0.008999999612569809,4.910399913787842,-0.061000000685453415,-0.061000000685453415,0.0,-0.0003000000142492354,0.006399999838322401,0.0035000001080334187,-0.0003000000142492354,0.006399999838322401,-0.0035000001080334187,0.006399999838322401,0.0035000001080334187,0.9998999834060669,30.306499481201172
0.8999999761581421,118.0,0.9998999834060669,0.0017999999690800905,-0.0031999999191612005,9.999999747378752e-05,-0.003000000026077032,-0.008999999612569809,4.910399913787842,-0.061000000685453415,-0.061000000685453415,0.0,-0.0003000000142492354,0.006399999838322401,0.0035000001080334187,-0.0003000000142492354,0.006399999838322401,-0.0035000001080334187,0.006399999838322401,0.0035000001080334187,0.9998999834060669,30.306499481201172
0.9120000004768372,119.0,0.9998999834060669,0.0017000000225380063,-0.0031999999191612005,9.999999747378752e-05,0.0012000000569969416,-0.007799999788403511,4.909200191497803,-0.061000000685453415,-0.061000000685453415,-0.061000000685453415,-0.0003000000142492354,0.006500000134110451,0.0034000000450760126,-0.0003000000142492354,0.006500000134110451,-0.0034000000450760126,0.006500000134110451,0.0034000000450760126,0.9998999834060669,30.306499481201172
0.9160000085830688,120.0,0.9998999834060669,0.0017000000225380063,-0.0031999999191612005,9.999999747378752e-05,0.0012000000569969416,-0.007799999788403511,4.909200191497803,-0.061000000685453415,-0.061000000685453415,-0.061000000685453415,-0.0003000000142492354,0.006500000134110451,0.0034000000450760126,-0.0003000000142492354,0.006500000134110451,-0.0034000000450760126,0.006500000134110451,0.0034000000450760126,0.9998999834060669,30.306499481201172
0.9259999990463257,121.0,0.9998999834060669,0.0017000000225380063,-0.0031999999191612005,9.999999747378752e-05,0.0012000000569969416,-0.007799999788403511,4.909200191497803,-0.061000000685453415,-0.061000000685453415,-0.061000000685453415,-0.0003000000142492354,0.006500000134110451,0.0034000000450760126,-0.0003000000142492354,0.006500000134110451,-0.0034000000450760126,0.006500000134110451,0.0034000000450760126,0.9998999834060669,30.306499481201172
0.9350000023841858,122.0,0.9998999834060669,0.0015999999595806003,-0.0032999999821186066,0.00019999999494757503,0.003000000026077032,-0.012000000104308128,4.9008002281188965,0.0,-0.061000000685453415,0.0,-0.00039999998989515007,0.006599999964237213,0.0032999999821186066,-0.00039999998989515007,0.006599999964237213,-0.0032999999821186066,0.006599999964237213,0.0032999999821186066,0.9998999834060669,30.277099609375
0.9390000104904175,123.0,0.9998999834060669,0.0015999999595806003,-0.0032999999821186066,0.00019999999494757503,0.003000000026077032,-0.012000000104308128,4.9008002281188965,0.0,-0.061000000685453415,0.0,-0.00039999998989515007,0.006599999964237213,0.0032999999821186066,-0.00039999998989515007,0.006599999964237213,-0.0032999999821186066,0.006599999964237213,0.0032999999821186066,0.9998999834060669,30.277099609375
0.9449999928474426,124.0,0.9998999834060669,0.0015999999595806003,-0.0032999999821186066,0.00019999999494757503,0.003000000026077032,-0.012000000104308128,4.9008002281188965,0.0,-0.061000000685453415,0.0,-0.00039999998989515007,0.006599999964237213,0.0032999999821186066,-0.00039999998989515007,0.006599999964237213,-0.0032999999821186066,0.006599999964237213,0.0032999999821186066,0.9998999834060669,30.277099609375
0.9539999961853027,125.0,0.9998999834060669,0.0015999999595806003,-0.0032999999821186066,0.00019999999494757503,0.003000000026077032,-0.012000000104308128,4.9008002281188965,0.0,-0.061000000685453415,0.0,-0.00039999998989515007,0.006599999964237213,0.0032999999821186066,-0.00039999998989515007,0.006599999964237213,-0.0032999999821186066,0.006599999964237213,0.0032999999821186066,0.9998999834060669,30.277099609375
0.9620000123977661,126.0,0.9998999834060669,0.0015999999595806003,-0.0034000000450760126,0.00019999999494757503,0.0012000000569969416,-0.00839999970048666,4.896599769592285,-0.061000000685453415,-0.061000000685453415,0.0,-0.00039999998989515007,0.0066999997943639755,0.0031999999191612005,-0.00039999998989515007,0.0066999997943639755,-0.0031999999191612005,0.0066999997943639755,0.0031999999191612005,0.9998999834060669,30.288799285888672
0.9660000205039978,127.0,0.9998999834060669,0.0015999999595806003,-0.0034000000450760126,0.00019999999494757503,0.0012000000569969416,-0.00839999970048666,4.896599769592285,-0.061000000685453415,-0.061000000685453415,0.0,-0.00039999998989515007,0.0066999997943639755,0.0031999999191612005,-0.00039999998989515007,0.0066999997943639755,-0.0031999999191612005,0.0066999997943639755,0.0031999999191612005,0.9998999834060669,30.288799285888672
0.9710000157356262,128.0,0.9998999834060669,0.0015999999595806003,-0.0034000000450760126,0.00019999999494757503,0.0012000000569969416,-0.00839999970048666,4.896599769592285,-0.061000000685453415,-0.061000000685453415,0.0,-0.00039999998989515007,0.0066999997943639755,0.0031999999191612005,-0.00039999998989515007,0.0066999997943639755,-0.0031999999191612005,0.0066999997943639755,0.0031999999191612005,0.9998999834060669,30.288799285888672
0.9750000238418579,129.0,0.9998999834060669,0.0015999999595806003,-0.0034000000450760126,0.00019999999494757503,0.0012000000569969416,-0.00839999970048666,4.896599769592285,-0.061000000685453415,-0.061000000685453415,0.0,-0.00039999998989515007,0.0066999997943639755,0.0031999999191612005,-0.00039999998989515007,0.0066999997943639755,-0.0031999999191612005,0.0066999997943639755,0.0031999999191612005,0.9998999834060669,30.288799285888672
0.9850000143051147,130.0,0.9998999834060669,0.0015999999595806003,-0.0035000001080334187,0.00019999999494757503,0.0,-0.006000000052154064,4.90500020980835,-0.061000000685453415,-0.061000000685453415,0.0,-0.00039999998989515007,0.007000000216066837,0.0031999999191612005,-0.00039999998989515007,0.007000000216066837,-0.0031999999191612005,0.007000000216066837,0.0031999999191612005,0.9998999834060669,30.27120018005371
0.9890000224113464,131.0,0.9998999834060669,0.0015999999595806003,-0.0035000001080334187,0.00019999999494757503,0.0,-0.006000000052154064,4.90500020980835,-0.061000000685453415,-0.061000000685453415,0.0,-0.00039999998989515007,0.007000000216066837,0.0031999999191612005,-0.00039999998989515007,0.007000000216066837,-0.0031999999191612005,0.007000000216066837,0.0031999999191612005,0.9998999834060669,30.27120018005371
0.996999979019165,132.0,0.9998999834060669,0.0015999999595806003,-0.0035000001080334187,0.00019999999494757503,0.0,-0.006000000052154064,4.90500020980835,-0.061000000685453415,-0.061000000685453415,0.0,-0.00039999998989515007,0.007000000216066837,0.0031999999191612005,-0.00039999998989515007,0.007000000216066837,-0.0031999999191612005,0.007000000216066837,0.0031999999191612005,0.9998999834060669,30.27120018005371
1.0010000467300415,133.0,0.9998999834060669,0.0015999999595806003,-0.0035000001080334187,0.00019999999494757503,0.0,-0.006000000052154064,4.90500020980835,-0.061000000685453415,-0.061000000685453415,0.0,-0.00039999998989515007,0.007000000216066837,0.0031999999191612005,-0.00039999998989515007,0.007000000216066837,-0.0031999999191612005,0.007000000216066837,0.0031999999191612005,0.9998999834060669,30.27120018005371
1.0130000114440918,134.0,0.9998999834060669,0.001500000013038516,-0.0035000001080334187,0.00019999999494757503,0.003000000026077032,-0.004800000227987766,4.910399913787842,-0.061000000685453415,-0.061000000685453415,0.0,-0.00039999998989515007,0.0071000000461936,0.003000000026077032,-0.00039999998989515007,0.0071000000461936,-0.003000000026077032,0.0071000000461936,0.003000000026077032,0.9998999834060669,30.282899856567383
1.0169999599456787,135.0,0.9998999834060669,0.001500000013038516,-0.0035000001080334187,0.00019999999494757503,0.003000000026077032,-0.004800000227987766,4.910399913787842,-0.061000000685453415,-0.061000000685453415,0.0,-0.00039999998989515007,0.0071000000461936,0.003000000026077032,-0.00039999998989515007,0.0071000000461936,-0.003000000026077032,0.0071000000461936,0.003000000026077032,0.9998999834060669,30.282899856567383
1.0230000019073486,136.0,0.9998999834060669,0.001500000013038516,-0.0035000001080334187,0.00019999999494757503,0.003000000026077032,-0.004800000227987766,4.910399913787842,-0.061000000685453415,-0.061000000685453415,0.0,-0.00039999998989515007,0.0071000000461936,0.003000000026077032,-0.00039999998989515007,0.0071000000461936,-0.003000000026077032,0.0071000000461936,0.003000000026077032,0.9998999834060669,30.282899856567383
1.0290000438690186,137.0,0.9998999834060669,0.001500000013038516,-0.0035000001080334187,0.00019999999494757503,0.003000000026077032,-0.004800000227987766,4.910399913787842,-0.061000000685453415,-0.061000000685453415,0.0,-0.00039999998989515007,0.0071000000461936,0.003000000026077032,-0.00039999998989515007,0.0071000000461936,-0.003000000026077032,0.0071000000461936,0.003000000026077032,0.9998999834060669,30.282899856567383
1.0369999408721924,138.0,0.9998999834060669,0.001500000013038516,-0.003599999938160181,0.00019999999494757503,0.0012000000569969416,-0.004800000227987766,4.906799793243408,0.0,-0.061000000685453415,0.0,-0.00039999998989515007,0.007199999876320362,0.003000000026077032,-0.00039999998989515007,0.007199999876320362,-0.003000000026077032,0.007199999876320362,0.003000000026077032,0.9998999834060669,30.294700622558594
1.0410000085830688,139.0,0.9998999834060669,0.001500000013038516,-0.003599999938160181,0.00019999999494757503,0.0012000000569969416,-0.004800000227987766,4.906799793243408,0.0,-0.061000000685453415,0.0,-0.00039999998989515007,0.007199999876320362,0.003000000026077032,-0.00039999998989515007,0.007199999876320362,-0.003000000026077032,0.007199999876320362,0.003000000026077032,0.9998999834060669,30.294700622558594
1.055999994277954,140.0,0.9998999834060669,0.001500000013038516,-0.003599999938160181,0.00019999999494757503,0.0012000000569969416,-0.004800000227987766,4.906799793243408,0.0,-0.061000000685453415,0.0,-0.00039999998989515007,0.007199999876320362,0.003000000026077032,-0.00039999998989515007,0.007199999876320362,-0.003000000026077032,0.007199999876320362,0.003000000026077032,0.9998999834060669,30.294700622558594
1.0640000104904175,141.0,0.9998999834060669,0.001500000013038516,-0.003599999938160181,0.00019999999494757503,-0.0017999999690800905,-0.003000000026077032,4.905600070953369,0.0,-0.061000000685453415,0.0,-0.00039999998989515007,0.007199999876320362,0.002899999963119626,-0.00039999998989515007,0.007199999876320362,-0.002899999963119626,0.007199999876320362,0.002899999963119626,0.9998999834060669,30.282899856567383
1.0679999589920044,142.0,0.9998999834060669,0.001500000013038516,-0.003599999938160181,0.00019999999494757503,-0.0017999999690800905,-0.003000000026077032,4.905600070953369,0.0,-0.061000000685453415,0.0,-0.00039999998989515007,0.007199999876320362,0.002899999963119626,-0.00039999998989515007,0.007199999876320362,-0.002899999963119626,0.007199999876320362,0.002899999963119626,0.9998999834060669,30.282899856567383
1.0759999752044678,143.0,0.9998999834060669,0.001500000013038516,-0.003599999938160181,0.00019999999494757503,-0.0017999999690800905,-0.003000000026077032,4.905600070953369,0.0,-0.061000000685453415,0.0,-0.00039999998989515007,0.007199999876320362,0.002899999963119626,-0.00039999998989515007,0.007199999876320362,-0.002899999963119626,0.007199999876320362,0.002899999963119626,0.9998999834060669,30.282899856567383
1.0850000381469727,144.0,0.9998999834060669,0.001500000013038516,-0.003700000001117587,0.00019999999494757503,-0.005400000140070915,-0.0006000000284984708,4.898399829864502,-0.061000000685453415,-0.061000000685453415,0.0,-0.00039999998989515007,0.007300000172108412,0.002899999963119626,-0.00039999998989515007,0.007300000172108412,-0.002899999963119626,0.007300000172108412,0.002899999963119626,0.9998999834060669,30.277099609375
1.0889999866485596,145.0,0.9998999834060669,0.001500000013038516,-0.003700000001117587,0.00019999999494757503,-0.005400000140070915,-0.0006000000284984708,4.898399829864502,-0.061000000685453415,-0.061000000685453415,0.0,-0.00039999998989515007,0.007300000172108412,0.002899999963119626,-0.00039999998989515007,0.007300000172108412,-0.002899999963119626,0.007300000172108412,0.002899999963119626,0.9998999834060669,30.277099609375
1.0959999561309814,146.0,0.9998999834060669,0.001500000013038516,-0.003700000001117587,0.00019999999494757503,-0.005400000140070915,-0.0006000000284984708,4.898399829864502,-0.061000000685453415,-0.061000000685453415,0.0,-0.00039999998989515007,0.007300000172108412,0.002899999963119626,-0.00039999998989515007,0.007300000172108412,-0.002899999963119626,0.007300000172108412,0.002899999963119626,0.9998999834060669,30.277099609375
1.100000023841858,147.0,0.9998999834060669,0.001500000013038516,-0.003700000001117587,0.00019999999494757503,-0.005400000140070915,-0.0006000000284984708,4.898399829864502,-0.061000000685453415,-0.061000000685453415,0.0,-0.00039999998989515007,0.007300000172108412,0.002899999963119626,-0.00039999998989515007,0.007300000172108412,-0.002899999963119626,0.007300000172108412,0.002899999963119626,0.9998999834060669,30.277099609375
1.1100000143051147,148.0,0.9998999834060669,0.00139999995008111,-0.003700000001117587,0.00019999999494757503,-0.003599999938160181,0.002400000113993883,4.909800052642822,-0.061000000685453415,-0.061000000685453415,0.0,-0.00039999998989515007,0.007400000002235174,0.00279999990016222,-0.00039999998989515007,0.007400000002235174,-0.00279999990016222,0.007400000002235174,0.00279999990016222,0.9998999834060669,30.265300750732422
1.1139999628067017,149.0,0.9998999834060669,0.00139999995008111,-0.003700000001117587,0.00019999999494757503,-0.003599999938160181,0.002400000113993883,4.909800052642822,-0.061000000685453415,-0.061000000685453415,0.0,-0.00039999998989515007,0.007400000002235174,0.00279999990016222,-0.00039999998989515007,0.007400000002235174,-0.00279999990016222,0.007400000002235174,0.00279999990016222,0.9998999834060669,30.265300750732422
1.121999979019165,150.0,0.9998999834060669,0.00139999995008111,-0.003700000001117587,0.00019999999494757503,-0.003599999938160181,0.002400000113993883,4.909800052642822,-0.061000000685453415,-0.061000000685453415,0.0,-0.00039999998989515007,0.007400000002235174,0.00279999990016222,-0.00039999998989515007,0.007400000002235174,-0.00279999990016222,0.007400000002235174,0.00279999990016222,0.9998999834060669,30.265300750732422
1.1239999532699585,151.0,0.9998999834060669,0.00139999995008111,-0.003700000001117587,0.00019999999494757503,-0.003599999938160181,0.002400000113993883,4.909800052642822,-0.061000000685453415,-0.061000000685453415,0.0,-0.00039999998989515007,0.007400000002235174,0.00279999990016222,-0.00039999998989515007,0.007400000002235174,-0.00279999990016222,0.007400000002235174,0.00279999990016222,0.9998999834060669,30.265300750732422
1.1369999647140503,152.0,0.9998999834060669,0.00139999995008111,-0.003800000064074993,0.00019999999494757503,0.0017999999690800905,0.0,4.908599853515625,-0.061000000685453415,-0.061000000685453415,0.0,-0.00039999998989515007,0.007600000128149986,0.00279999990016222,-0.00039999998989515007,0.007600000128149986,-0.00279999990016222,0.007600000128149986,0.00279999990016222,0.9998999834060669,30.294700622558594
1.1410000324249268,153.0,0.9998999834060669,0.00139999995008111,-0.003800000064074993,0.00019999999494757503,0.0017999999690800905,0.0,4.908599853515625,-0.061000000685453415,-0.061000000685453415,0.0,-0.00039999998989515007,0.007600000128149986,0.00279999990016222,-0.00039999998989515007,0.007600000128149986,-0.00279999990016222,0.007600000128149986,0.00279999990016222,0.9998999834060669,30.294700622558594
1.156000018119812,154.0,0.9998999834060669,0.00139999995008111,-0.003800000064074993,0.00019999999494757503,0.0017999999690800905,0.0,4.908599853515625,-0.061000000685453415,-0.061000000685453415,0.0,-0.00039999998989515007,0.007600000128149986,0.00279999990016222,-0.00039999998989515007,0.007600000128149986,-0.00279999990016222,0.007600000128149986,0.00279999990016222,0.9998999834060669,30.294700622558594
1.1640000343322754,155.0,0.9998999834060669,0.0013000000035390258,-0.003800000064074993,0.00019999999494757503,0.003599999938160181,-0.003000000026077032,4.903200149536133,0.0,-0.061000000685453415,0.0,-0.00039999998989515007,0.007699999958276749,0.0027000000700354576,-0.00039999998989515007,0.007699999958276749,-0.0027000000700354576,0.007699999958276749,0.0027000000700354576,0.9998999834060669,30.277099609375
1.1679999828338623,156.0,0.9998999834060669,0.0013000000035390258,-0.003800000064074993,0.00019999999494757503,0.003599999938160181,-0.003000000026077032,4.903200149536133,0.0,-0.061000000685453415,0.0,-0.00039999998989515007,0.007699999958276749,0.0027000000700354576,-0.00039999998989515007,0.007699999958276749,-0.0027000000700354576,0.007699999958276749,0.0027000000700354576,0.9998999834060669,30.277099609375
1.1759999990463257,157.0,0.9998999834060669,0.0013000000035390258,-0.003800000064074993,0.00019999999494757503,0.003599999938160181,-0.003000000026077032,4.903200149536133,0.0,-0.061000000685453415,0.0,-0.00039999998989515007,0.007699999958276749,0.0027000000700354576,-0.00039999998989515007,0.007699999958276749,-0.0027000000700354576,0.007699999958276749,0.0027000000700354576,0.9998999834060669,30.277099609375
1.1799999475479126,158.0,0.9998999834060669,0.0013000000035390258,-0.003800000064074993,0.00019999999494757503,0.003599999938160181,-0.003000000026077032,4.903200149536133,0.0,-0.061000000685453415,0.0,-0.00039999998989515007,0.007699999958276749,0.0027000000700354576,-0.00039999998989515007,0.007699999958276749,-0.0027000000700354576,0.007699999958276749,0.0027000000700354576,0.9998999834060669,30.277099609375
1.1920000314712524,159.0,0.9998999834060669,0.0013000000035390258,-0.0038999998942017555,0.00019999999494757503,-0.0017999999690800905,-0.006599999964237213,4.903200149536133,0.0,-0.061000000685453415,0.0,-0.00039999998989515007,0.007799999788403511,0.0027000000700354576,-0.00039999998989515007,0.007799999788403511,-0.0027000000700354576,0.007799999788403511,0.0027000000700354576,0.9998999834060669,30.27120018005371
1.1959999799728394,160.0,0.9998999834060669,0.0013000000035390258,-0.0038999998942017555,0.00019999999494757503,-0.0017999999690800905,-0.006599999964237213,4.903200149536133,0.0,-0.061000000685453415,0.0,-0.00039999998989515007,0.007799999788403511,0.0027000000700354576,-0.00039999998989515007,0.007799999788403511,-0.0027000000700354576,0.007799999788403511,0.0027000000700354576,0.9998999834060669,30.27120018005371
1.2059999704360962,161.0,0.9998999834060669,0.0013000000035390258,-0.0038999998942017555,0.00019999999494757503,-0.0017999999690800905,-0.006599999964237213,4.903200149536133,0.0,-0.061000000685453415,0.0,-0.00039999998989515007,0.007799999788403511,0.0027000000700354576,-0.00039999998989515007,0.007799999788403511,-0.0027000000700354576,0.007799999788403511,0.0027000000700354576,0.9998999834060669,30.27120018005371
1.215000033378601,162.0,0.9998999834060669,0.0013000000035390258,-0.0038999998942017555,0.00019999999494757503,-0.0006000000284984708,-0.00839999970048666,4.904399871826172,-0.061000000685453415,-0.061000000685453415,0.0,-0.0005000000237487257,0.007799999788403511,0.0026000000070780516,-0.0005000000237487257,0.007799999788403511,-0.0026000000070780516,0.007799999788403511,0.0026000000070780516,0.9998999834060669,30.277099609375
1.218999981880188,163.0,0.9998999834060669,0.0013000000035390258,-0.0038999998942017555,0.00019999999494757503,-0.0006000000284984708,-0.00839999970048666,4.904399871826172,-0.061000000685453415,-0.061000000685453415,0.0,-0.0005000000237487257,0.007799999788403511,0.0026000000070780516,-0.0005000000237487257,0.007799999788403511,-0.0026000000070780516,0.007799999788403511,0.0026000000070780516,0.9998999834060669,30.277099609375
1.2259999513626099,164.0,0.9998999834060669,0.0013000000035390258,-0.0038999998942017555,0.00019999999494757503,-0.0006000000284984708,-0.00839999970048666,4.904399871826172,-0.061000000685453415,-0.061000000685453415,0.0,-0.0005000000237487257,0.007799999788403511,0.0026000000070780516,-0.0005000000237487257,0.007799999788403511,-0.0026000000070780516,0.007799999788403511,0.0026000000070780516,0.9998999834060669,30.277099609375
1.2300000190734863,165.0,0.9998999834060669,0.0013000000035390258,-0.0038999998942017555,0.00019999999494757503,-0.0006000000284984708,-0.00839999970048666,4.904399871826172,-0.061000000685453415,-0.061000000685453415,0.0,-0.0005000000237487257,0.007799999788403511,0.0026000000070780516,-0.0005000000237487257,0.007799999788403511,-0.0026000000070780516,0.007799999788403511,0.0026000000070780516,0.9998999834060669,30.277099609375
1.2519999742507935,166.0,0.9998999834060669,0.0013000000035390258,-0.004000000189989805,0.00019999999494757503,0.0,-0.003599999938160181,4.912199974060059,-0.061000000685453415,-0.061000000685453415,0.0,-0.0005000000237487257,0.007899999618530273,0.0026000000070780516,-0.0005000000237487257,0.007899999618530273,-0.0026000000070780516,0.007899999618530273,0.0026000000070780516,0.9998999834060669,30.27120018005371
1.2599999904632568,167.0,0.9998999834060669,0.0012000000569969416,-0.004000000189989805,0.00019999999494757503,0.0,-0.006000000052154064,4.908599853515625,0.0,-0.061000000685453415,0.0,-0.0005000000237487257,0.008100000210106373,0.002400000113993883,-0.0005000000237487257,0.008100000210106373,-0.002400000113993883,0.008100000210106373,0.002400000113993883,0.9998999834060669,30.27120